-- mod-uac: capital guard map markers + gossip for mod-uac capital class trainers.
-- POI pins use emitted trainer coordinates; confirm text is generated per trainer row.

-- Idempotent: clear the reserved guard-artifact bands before re-inserting.
DELETE FROM `points_of_interest` WHERE `ID` BETWEEN 6010000 AND 6010099;
DELETE FROM `npc_text` WHERE `ID` BETWEEN 6010100 AND 6010199;
DELETE FROM `gossip_menu` WHERE `MenuID` BETWEEN 6010200 AND 6010299;
DELETE FROM `gossip_menu_option` WHERE `ActionPoiID` BETWEEN 6010000 AND 6010099;

-- 14 trainer POI(s), 17 guard option(s).

-- Ironforge Druid: POI 6010000, confirm menu 6010200
INSERT INTO `points_of_interest` (`ID`, `PositionX`, `PositionY`, `Icon`, `Flags`, `Importance`, `Name`) VALUES (6010000, -4715.826, -1152.5818, 7, 99, 0, 'Ironforge Druid Trainer');
INSERT INTO `npc_text` (`ID`, `text0_0`, `text0_1`, `BroadcastTextID0`, `lang0`, `Probability0`, `em0_0`, `em0_1`, `em0_2`, `em0_3`, `em0_4`, `em0_5`, `text1_0`, `text1_1`, `BroadcastTextID1`, `lang1`, `Probability1`, `em1_0`, `em1_1`, `em1_2`, `em1_3`, `em1_4`, `em1_5`, `text2_0`, `text2_1`, `BroadcastTextID2`, `lang2`, `Probability2`, `em2_0`, `em2_1`, `em2_2`, `em2_3`, `em2_4`, `em2_5`, `text3_0`, `text3_1`, `BroadcastTextID3`, `lang3`, `Probability3`, `em3_0`, `em3_1`, `em3_2`, `em3_3`, `em3_4`, `em3_5`, `text4_0`, `text4_1`, `BroadcastTextID4`, `lang4`, `Probability4`, `em4_0`, `em4_1`, `em4_2`, `em4_3`, `em4_4`, `em4_5`, `text5_0`, `text5_1`, `BroadcastTextID5`, `lang5`, `Probability5`, `em5_0`, `em5_1`, `em5_2`, `em5_3`, `em5_4`, `em5_5`, `text6_0`, `text6_1`, `BroadcastTextID6`, `lang6`, `Probability6`, `em6_0`, `em6_1`, `em6_2`, `em6_3`, `em6_4`, `em6_5`, `text7_0`, `text7_1`, `BroadcastTextID7`, `lang7`, `Probability7`, `em7_0`, `em7_1`, `em7_2`, `em7_3`, `em7_4`, `em7_5`, `VerifiedBuild`) VALUES (6010100, 'You''ll find Mathrengyl Bearwalker, the Druid trainer, with the other class trainers in Ironforge. I''ve marked the location on your map.', 'You''ll find Mathrengyl Bearwalker, the Druid trainer, with the other class trainers in Ironforge. I''ve marked the location on your map.', 0, 0, 1, 0, 0, 0, 0, 0, 0, NULL, NULL, 0, 0, 0.0, 0, 0, 0, 0, 0, 0, NULL, NULL, 0, 0, 0.0, 0, 0, 0, 0, 0, 0, NULL, NULL, 0, 0, 0.0, 0, 0, 0, 0, 0, 0, NULL, NULL, 0, 0, 0.0, 0, 0, 0, 0, 0, 0, NULL, NULL, 0, 0, 0.0, 0, 0, 0, 0, 0, 0, NULL, NULL, 0, 0, 0.0, 0, 0, 0, 0, 0, 0, NULL, NULL, 0, 0, 0.0, 0, 0, 0, 0, 0, 0, NULL);
INSERT INTO `gossip_menu` (`MenuID`, `TextID`) VALUES (6010200, 6010100);

-- Darnassus Shaman: POI 6010001, confirm menu 6010201
INSERT INTO `points_of_interest` (`ID`, `PositionX`, `PositionY`, `Icon`, `Flags`, `Importance`, `Name`) VALUES (6010001, 10177.521, 2584.374, 7, 99, 0, 'Darnassus Shaman Trainer');
INSERT INTO `npc_text` (`ID`, `text0_0`, `text0_1`, `BroadcastTextID0`, `lang0`, `Probability0`, `em0_0`, `em0_1`, `em0_2`, `em0_3`, `em0_4`, `em0_5`, `text1_0`, `text1_1`, `BroadcastTextID1`, `lang1`, `Probability1`, `em1_0`, `em1_1`, `em1_2`, `em1_3`, `em1_4`, `em1_5`, `text2_0`, `text2_1`, `BroadcastTextID2`, `lang2`, `Probability2`, `em2_0`, `em2_1`, `em2_2`, `em2_3`, `em2_4`, `em2_5`, `text3_0`, `text3_1`, `BroadcastTextID3`, `lang3`, `Probability3`, `em3_0`, `em3_1`, `em3_2`, `em3_3`, `em3_4`, `em3_5`, `text4_0`, `text4_1`, `BroadcastTextID4`, `lang4`, `Probability4`, `em4_0`, `em4_1`, `em4_2`, `em4_3`, `em4_4`, `em4_5`, `text5_0`, `text5_1`, `BroadcastTextID5`, `lang5`, `Probability5`, `em5_0`, `em5_1`, `em5_2`, `em5_3`, `em5_4`, `em5_5`, `text6_0`, `text6_1`, `BroadcastTextID6`, `lang6`, `Probability6`, `em6_0`, `em6_1`, `em6_2`, `em6_3`, `em6_4`, `em6_5`, `text7_0`, `text7_1`, `BroadcastTextID7`, `lang7`, `Probability7`, `em7_0`, `em7_1`, `em7_2`, `em7_3`, `em7_4`, `em7_5`, `VerifiedBuild`) VALUES (6010101, 'You''ll find Farseer Nobundo, the Shaman trainer, with the other class trainers in Darnassus. I''ve marked the location on your map.', 'You''ll find Farseer Nobundo, the Shaman trainer, with the other class trainers in Darnassus. I''ve marked the location on your map.', 0, 0, 1, 0, 0, 0, 0, 0, 0, NULL, NULL, 0, 0, 0.0, 0, 0, 0, 0, 0, 0, NULL, NULL, 0, 0, 0.0, 0, 0, 0, 0, 0, 0, NULL, NULL, 0, 0, 0.0, 0, 0, 0, 0, 0, 0, NULL, NULL, 0, 0, 0.0, 0, 0, 0, 0, 0, 0, NULL, NULL, 0, 0, 0.0, 0, 0, 0, 0, 0, 0, NULL, NULL, 0, 0, 0.0, 0, 0, 0, 0, 0, 0, NULL, NULL, 0, 0, 0.0, 0, 0, 0, 0, 0, 0, NULL);
INSERT INTO `gossip_menu` (`MenuID`, `TextID`) VALUES (6010201, 6010101);

-- Darnassus Warlock: POI 6010002, confirm menu 6010202
INSERT INTO `points_of_interest` (`ID`, `PositionX`, `PositionY`, `Icon`, `Flags`, `Importance`, `Name`) VALUES (6010002, 9663.184, 2527.052, 7, 99, 0, 'Darnassus Warlock Trainer');
INSERT INTO `npc_text` (`ID`, `text0_0`, `text0_1`, `BroadcastTextID0`, `lang0`, `Probability0`, `em0_0`, `em0_1`, `em0_2`, `em0_3`, `em0_4`, `em0_5`, `text1_0`, `text1_1`, `BroadcastTextID1`, `lang1`, `Probability1`, `em1_0`, `em1_1`, `em1_2`, `em1_3`, `em1_4`, `em1_5`, `text2_0`, `text2_1`, `BroadcastTextID2`, `lang2`, `Probability2`, `em2_0`, `em2_1`, `em2_2`, `em2_3`, `em2_4`, `em2_5`, `text3_0`, `text3_1`, `BroadcastTextID3`, `lang3`, `Probability3`, `em3_0`, `em3_1`, `em3_2`, `em3_3`, `em3_4`, `em3_5`, `text4_0`, `text4_1`, `BroadcastTextID4`, `lang4`, `Probability4`, `em4_0`, `em4_1`, `em4_2`, `em4_3`, `em4_4`, `em4_5`, `text5_0`, `text5_1`, `BroadcastTextID5`, `lang5`, `Probability5`, `em5_0`, `em5_1`, `em5_2`, `em5_3`, `em5_4`, `em5_5`, `text6_0`, `text6_1`, `BroadcastTextID6`, `lang6`, `Probability6`, `em6_0`, `em6_1`, `em6_2`, `em6_3`, `em6_4`, `em6_5`, `text7_0`, `text7_1`, `BroadcastTextID7`, `lang7`, `Probability7`, `em7_0`, `em7_1`, `em7_2`, `em7_3`, `em7_4`, `em7_5`, `VerifiedBuild`) VALUES (6010102, 'You''ll find Demisette Cloyce, the Warlock trainer, with the other class trainers in Darnassus. I''ve marked the location on your map.', 'You''ll find Demisette Cloyce, the Warlock trainer, with the other class trainers in Darnassus. I''ve marked the location on your map.', 0, 0, 1, 0, 0, 0, 0, 0, 0, NULL, NULL, 0, 0, 0.0, 0, 0, 0, 0, 0, 0, NULL, NULL, 0, 0, 0.0, 0, 0, 0, 0, 0, 0, NULL, NULL, 0, 0, 0.0, 0, 0, 0, 0, 0, 0, NULL, NULL, 0, 0, 0.0, 0, 0, 0, 0, 0, 0, NULL, NULL, 0, 0, 0.0, 0, 0, 0, 0, 0, 0, NULL, NULL, 0, 0, 0.0, 0, 0, 0, 0, 0, 0, NULL, NULL, 0, 0, 0.0, 0, 0, 0, 0, 0, 0, NULL);
INSERT INTO `gossip_menu` (`MenuID`, `TextID`) VALUES (6010202, 6010102);

-- Exodar Rogue: POI 6010003, confirm menu 6010203
INSERT INTO `points_of_interest` (`ID`, `PositionX`, `PositionY`, `Icon`, `Flags`, `Importance`, `Name`) VALUES (6010003, -4234.914, -11555.351, 7, 99, 0, 'Exodar Rogue Trainer');
INSERT INTO `npc_text` (`ID`, `text0_0`, `text0_1`, `BroadcastTextID0`, `lang0`, `Probability0`, `em0_0`, `em0_1`, `em0_2`, `em0_3`, `em0_4`, `em0_5`, `text1_0`, `text1_1`, `BroadcastTextID1`, `lang1`, `Probability1`, `em1_0`, `em1_1`, `em1_2`, `em1_3`, `em1_4`, `em1_5`, `text2_0`, `text2_1`, `BroadcastTextID2`, `lang2`, `Probability2`, `em2_0`, `em2_1`, `em2_2`, `em2_3`, `em2_4`, `em2_5`, `text3_0`, `text3_1`, `BroadcastTextID3`, `lang3`, `Probability3`, `em3_0`, `em3_1`, `em3_2`, `em3_3`, `em3_4`, `em3_5`, `text4_0`, `text4_1`, `BroadcastTextID4`, `lang4`, `Probability4`, `em4_0`, `em4_1`, `em4_2`, `em4_3`, `em4_4`, `em4_5`, `text5_0`, `text5_1`, `BroadcastTextID5`, `lang5`, `Probability5`, `em5_0`, `em5_1`, `em5_2`, `em5_3`, `em5_4`, `em5_5`, `text6_0`, `text6_1`, `BroadcastTextID6`, `lang6`, `Probability6`, `em6_0`, `em6_1`, `em6_2`, `em6_3`, `em6_4`, `em6_5`, `text7_0`, `text7_1`, `BroadcastTextID7`, `lang7`, `Probability7`, `em7_0`, `em7_1`, `em7_2`, `em7_3`, `em7_4`, `em7_5`, `VerifiedBuild`) VALUES (6010103, 'You''ll find Keryn Sylvius, the Rogue trainer, with the other class trainers in Exodar. I''ve marked the location on your map.', 'You''ll find Keryn Sylvius, the Rogue trainer, with the other class trainers in Exodar. I''ve marked the location on your map.', 0, 0, 1, 0, 0, 0, 0, 0, 0, NULL, NULL, 0, 0, 0.0, 0, 0, 0, 0, 0, 0, NULL, NULL, 0, 0, 0.0, 0, 0, 0, 0, 0, 0, NULL, NULL, 0, 0, 0.0, 0, 0, 0, 0, 0, 0, NULL, NULL, 0, 0, 0.0, 0, 0, 0, 0, 0, 0, NULL, NULL, 0, 0, 0.0, 0, 0, 0, 0, 0, 0, NULL, NULL, 0, 0, 0.0, 0, 0, 0, 0, 0, 0, NULL, NULL, 0, 0, 0.0, 0, 0, 0, 0, 0, 0, NULL);
INSERT INTO `gossip_menu` (`MenuID`, `TextID`) VALUES (6010203, 6010103);

-- Exodar Warlock: POI 6010004, confirm menu 6010204
INSERT INTO `points_of_interest` (`ID`, `PositionX`, `PositionY`, `Icon`, `Flags`, `Importance`, `Name`) VALUES (6010004, -4056.482, -11558.132, 7, 99, 0, 'Exodar Warlock Trainer');
INSERT INTO `npc_text` (`ID`, `text0_0`, `text0_1`, `BroadcastTextID0`, `lang0`, `Probability0`, `em0_0`, `em0_1`, `em0_2`, `em0_3`, `em0_4`, `em0_5`, `text1_0`, `text1_1`, `BroadcastTextID1`, `lang1`, `Probability1`, `em1_0`, `em1_1`, `em1_2`, `em1_3`, `em1_4`, `em1_5`, `text2_0`, `text2_1`, `BroadcastTextID2`, `lang2`, `Probability2`, `em2_0`, `em2_1`, `em2_2`, `em2_3`, `em2_4`, `em2_5`, `text3_0`, `text3_1`, `BroadcastTextID3`, `lang3`, `Probability3`, `em3_0`, `em3_1`, `em3_2`, `em3_3`, `em3_4`, `em3_5`, `text4_0`, `text4_1`, `BroadcastTextID4`, `lang4`, `Probability4`, `em4_0`, `em4_1`, `em4_2`, `em4_3`, `em4_4`, `em4_5`, `text5_0`, `text5_1`, `BroadcastTextID5`, `lang5`, `Probability5`, `em5_0`, `em5_1`, `em5_2`, `em5_3`, `em5_4`, `em5_5`, `text6_0`, `text6_1`, `BroadcastTextID6`, `lang6`, `Probability6`, `em6_0`, `em6_1`, `em6_2`, `em6_3`, `em6_4`, `em6_5`, `text7_0`, `text7_1`, `BroadcastTextID7`, `lang7`, `Probability7`, `em7_0`, `em7_1`, `em7_2`, `em7_3`, `em7_4`, `em7_5`, `VerifiedBuild`) VALUES (6010104, 'You''ll find Demisette Cloyce, the Warlock trainer, with the other class trainers in Exodar. I''ve marked the location on your map.', 'You''ll find Demisette Cloyce, the Warlock trainer, with the other class trainers in Exodar. I''ve marked the location on your map.', 0, 0, 1, 0, 0, 0, 0, 0, 0, NULL, NULL, 0, 0, 0.0, 0, 0, 0, 0, 0, 0, NULL, NULL, 0, 0, 0.0, 0, 0, 0, 0, 0, 0, NULL, NULL, 0, 0, 0.0, 0, 0, 0, 0, 0, 0, NULL, NULL, 0, 0, 0.0, 0, 0, 0, 0, 0, 0, NULL, NULL, 0, 0, 0.0, 0, 0, 0, 0, 0, 0, NULL, NULL, 0, 0, 0.0, 0, 0, 0, 0, 0, 0, NULL, NULL, 0, 0, 0.0, 0, 0, 0, 0, 0, 0, NULL);
INSERT INTO `gossip_menu` (`MenuID`, `TextID`) VALUES (6010204, 6010104);

-- Orgrimmar Druid: POI 6010005, confirm menu 6010205
INSERT INTO `points_of_interest` (`ID`, `PositionX`, `PositionY`, `Icon`, `Flags`, `Importance`, `Name`) VALUES (6010005, 1935.4427, -4221.2383, 7, 99, 0, 'Orgrimmar Druid Trainer');
INSERT INTO `npc_text` (`ID`, `text0_0`, `text0_1`, `BroadcastTextID0`, `lang0`, `Probability0`, `em0_0`, `em0_1`, `em0_2`, `em0_3`, `em0_4`, `em0_5`, `text1_0`, `text1_1`, `BroadcastTextID1`, `lang1`, `Probability1`, `em1_0`, `em1_1`, `em1_2`, `em1_3`, `em1_4`, `em1_5`, `text2_0`, `text2_1`, `BroadcastTextID2`, `lang2`, `Probability2`, `em2_0`, `em2_1`, `em2_2`, `em2_3`, `em2_4`, `em2_5`, `text3_0`, `text3_1`, `BroadcastTextID3`, `lang3`, `Probability3`, `em3_0`, `em3_1`, `em3_2`, `em3_3`, `em3_4`, `em3_5`, `text4_0`, `text4_1`, `BroadcastTextID4`, `lang4`, `Probability4`, `em4_0`, `em4_1`, `em4_2`, `em4_3`, `em4_4`, `em4_5`, `text5_0`, `text5_1`, `BroadcastTextID5`, `lang5`, `Probability5`, `em5_0`, `em5_1`, `em5_2`, `em5_3`, `em5_4`, `em5_5`, `text6_0`, `text6_1`, `BroadcastTextID6`, `lang6`, `Probability6`, `em6_0`, `em6_1`, `em6_2`, `em6_3`, `em6_4`, `em6_5`, `text7_0`, `text7_1`, `BroadcastTextID7`, `lang7`, `Probability7`, `em7_0`, `em7_1`, `em7_2`, `em7_3`, `em7_4`, `em7_5`, `VerifiedBuild`) VALUES (6010105, 'You''ll find Turak Runetotem, the Druid trainer, with the other class trainers in Orgrimmar. I''ve marked the location on your map.', 'You''ll find Turak Runetotem, the Druid trainer, with the other class trainers in Orgrimmar. I''ve marked the location on your map.', 0, 0, 1, 0, 0, 0, 0, 0, 0, NULL, NULL, 0, 0, 0.0, 0, 0, 0, 0, 0, 0, NULL, NULL, 0, 0, 0.0, 0, 0, 0, 0, 0, 0, NULL, NULL, 0, 0, 0.0, 0, 0, 0, 0, 0, 0, NULL, NULL, 0, 0, 0.0, 0, 0, 0, 0, 0, 0, NULL, NULL, 0, 0, 0.0, 0, 0, 0, 0, 0, 0, NULL, NULL, 0, 0, 0.0, 0, 0, 0, 0, 0, 0, NULL, NULL, 0, 0, 0.0, 0, 0, 0, 0, 0, 0, NULL);
INSERT INTO `gossip_menu` (`MenuID`, `TextID`) VALUES (6010205, 6010105);

-- Undercity Hunter: POI 6010006, confirm menu 6010206
INSERT INTO `points_of_interest` (`ID`, `PositionX`, `PositionY`, `Icon`, `Flags`, `Importance`, `Name`) VALUES (6010006, 1408.177, 57.056, 7, 99, 0, 'Undercity Hunter Trainer');
INSERT INTO `npc_text` (`ID`, `text0_0`, `text0_1`, `BroadcastTextID0`, `lang0`, `Probability0`, `em0_0`, `em0_1`, `em0_2`, `em0_3`, `em0_4`, `em0_5`, `text1_0`, `text1_1`, `BroadcastTextID1`, `lang1`, `Probability1`, `em1_0`, `em1_1`, `em1_2`, `em1_3`, `em1_4`, `em1_5`, `text2_0`, `text2_1`, `BroadcastTextID2`, `lang2`, `Probability2`, `em2_0`, `em2_1`, `em2_2`, `em2_3`, `em2_4`, `em2_5`, `text3_0`, `text3_1`, `BroadcastTextID3`, `lang3`, `Probability3`, `em3_0`, `em3_1`, `em3_2`, `em3_3`, `em3_4`, `em3_5`, `text4_0`, `text4_1`, `BroadcastTextID4`, `lang4`, `Probability4`, `em4_0`, `em4_1`, `em4_2`, `em4_3`, `em4_4`, `em4_5`, `text5_0`, `text5_1`, `BroadcastTextID5`, `lang5`, `Probability5`, `em5_0`, `em5_1`, `em5_2`, `em5_3`, `em5_4`, `em5_5`, `text6_0`, `text6_1`, `BroadcastTextID6`, `lang6`, `Probability6`, `em6_0`, `em6_1`, `em6_2`, `em6_3`, `em6_4`, `em6_5`, `text7_0`, `text7_1`, `BroadcastTextID7`, `lang7`, `Probability7`, `em7_0`, `em7_1`, `em7_2`, `em7_3`, `em7_4`, `em7_5`, `VerifiedBuild`) VALUES (6010106, 'You''ll find Kary Thunderhorn, the Hunter trainer, with the other class trainers in Undercity. I''ve marked the location on your map.', 'You''ll find Kary Thunderhorn, the Hunter trainer, with the other class trainers in Undercity. I''ve marked the location on your map.', 0, 0, 1, 0, 0, 0, 0, 0, 0, NULL, NULL, 0, 0, 0.0, 0, 0, 0, 0, 0, 0, NULL, NULL, 0, 0, 0.0, 0, 0, 0, 0, 0, 0, NULL, NULL, 0, 0, 0.0, 0, 0, 0, 0, 0, 0, NULL, NULL, 0, 0, 0.0, 0, 0, 0, 0, 0, 0, NULL, NULL, 0, 0, 0.0, 0, 0, 0, 0, 0, 0, NULL, NULL, 0, 0, 0.0, 0, 0, 0, 0, 0, 0, NULL, NULL, 0, 0, 0.0, 0, 0, 0, 0, 0, 0, NULL);
INSERT INTO `gossip_menu` (`MenuID`, `TextID`) VALUES (6010206, 6010106);

-- Undercity Shaman: POI 6010007, confirm menu 6010207
INSERT INTO `points_of_interest` (`ID`, `PositionX`, `PositionY`, `Icon`, `Flags`, `Importance`, `Name`) VALUES (6010007, 1756.432, 418.79, 7, 99, 0, 'Undercity Shaman Trainer');
INSERT INTO `npc_text` (`ID`, `text0_0`, `text0_1`, `BroadcastTextID0`, `lang0`, `Probability0`, `em0_0`, `em0_1`, `em0_2`, `em0_3`, `em0_4`, `em0_5`, `text1_0`, `text1_1`, `BroadcastTextID1`, `lang1`, `Probability1`, `em1_0`, `em1_1`, `em1_2`, `em1_3`, `em1_4`, `em1_5`, `text2_0`, `text2_1`, `BroadcastTextID2`, `lang2`, `Probability2`, `em2_0`, `em2_1`, `em2_2`, `em2_3`, `em2_4`, `em2_5`, `text3_0`, `text3_1`, `BroadcastTextID3`, `lang3`, `Probability3`, `em3_0`, `em3_1`, `em3_2`, `em3_3`, `em3_4`, `em3_5`, `text4_0`, `text4_1`, `BroadcastTextID4`, `lang4`, `Probability4`, `em4_0`, `em4_1`, `em4_2`, `em4_3`, `em4_4`, `em4_5`, `text5_0`, `text5_1`, `BroadcastTextID5`, `lang5`, `Probability5`, `em5_0`, `em5_1`, `em5_2`, `em5_3`, `em5_4`, `em5_5`, `text6_0`, `text6_1`, `BroadcastTextID6`, `lang6`, `Probability6`, `em6_0`, `em6_1`, `em6_2`, `em6_3`, `em6_4`, `em6_5`, `text7_0`, `text7_1`, `BroadcastTextID7`, `lang7`, `Probability7`, `em7_0`, `em7_1`, `em7_2`, `em7_3`, `em7_4`, `em7_5`, `VerifiedBuild`) VALUES (6010107, 'You''ll find Siln Skychaser, the Shaman trainer, with the other class trainers in Undercity. I''ve marked the location on your map.', 'You''ll find Siln Skychaser, the Shaman trainer, with the other class trainers in Undercity. I''ve marked the location on your map.', 0, 0, 1, 0, 0, 0, 0, 0, 0, NULL, NULL, 0, 0, 0.0, 0, 0, 0, 0, 0, 0, NULL, NULL, 0, 0, 0.0, 0, 0, 0, 0, 0, 0, NULL, NULL, 0, 0, 0.0, 0, 0, 0, 0, 0, 0, NULL, NULL, 0, 0, 0.0, 0, 0, 0, 0, 0, 0, NULL, NULL, 0, 0, 0.0, 0, 0, 0, 0, 0, 0, NULL, NULL, 0, 0, 0.0, 0, 0, 0, 0, 0, 0, NULL, NULL, 0, 0, 0.0, 0, 0, 0, 0, 0, 0, NULL);
INSERT INTO `gossip_menu` (`MenuID`, `TextID`) VALUES (6010207, 6010107);

-- Undercity Druid: POI 6010008, confirm menu 6010208
INSERT INTO `points_of_interest` (`ID`, `PositionX`, `PositionY`, `Icon`, `Flags`, `Importance`, `Name`) VALUES (6010008, 1757.468, 414.926, 7, 99, 0, 'Undercity Druid Trainer');
INSERT INTO `npc_text` (`ID`, `text0_0`, `text0_1`, `BroadcastTextID0`, `lang0`, `Probability0`, `em0_0`, `em0_1`, `em0_2`, `em0_3`, `em0_4`, `em0_5`, `text1_0`, `text1_1`, `BroadcastTextID1`, `lang1`, `Probability1`, `em1_0`, `em1_1`, `em1_2`, `em1_3`, `em1_4`, `em1_5`, `text2_0`, `text2_1`, `BroadcastTextID2`, `lang2`, `Probability2`, `em2_0`, `em2_1`, `em2_2`, `em2_3`, `em2_4`, `em2_5`, `text3_0`, `text3_1`, `BroadcastTextID3`, `lang3`, `Probability3`, `em3_0`, `em3_1`, `em3_2`, `em3_3`, `em3_4`, `em3_5`, `text4_0`, `text4_1`, `BroadcastTextID4`, `lang4`, `Probability4`, `em4_0`, `em4_1`, `em4_2`, `em4_3`, `em4_4`, `em4_5`, `text5_0`, `text5_1`, `BroadcastTextID5`, `lang5`, `Probability5`, `em5_0`, `em5_1`, `em5_2`, `em5_3`, `em5_4`, `em5_5`, `text6_0`, `text6_1`, `BroadcastTextID6`, `lang6`, `Probability6`, `em6_0`, `em6_1`, `em6_2`, `em6_3`, `em6_4`, `em6_5`, `text7_0`, `text7_1`, `BroadcastTextID7`, `lang7`, `Probability7`, `em7_0`, `em7_1`, `em7_2`, `em7_3`, `em7_4`, `em7_5`, `VerifiedBuild`) VALUES (6010108, 'You''ll find Turak Runetotem, the Druid trainer, with the other class trainers in Undercity. I''ve marked the location on your map.', 'You''ll find Turak Runetotem, the Druid trainer, with the other class trainers in Undercity. I''ve marked the location on your map.', 0, 0, 1, 0, 0, 0, 0, 0, 0, NULL, NULL, 0, 0, 0.0, 0, 0, 0, 0, 0, 0, NULL, NULL, 0, 0, 0.0, 0, 0, 0, 0, 0, 0, NULL, NULL, 0, 0, 0.0, 0, 0, 0, 0, 0, 0, NULL, NULL, 0, 0, 0.0, 0, 0, 0, 0, 0, 0, NULL, NULL, 0, 0, 0.0, 0, 0, 0, 0, 0, 0, NULL, NULL, 0, 0, 0.0, 0, 0, 0, 0, 0, 0, NULL, NULL, 0, 0, 0.0, 0, 0, 0, 0, 0, 0, NULL);
INSERT INTO `gossip_menu` (`MenuID`, `TextID`) VALUES (6010208, 6010108);

-- ThunderBluff Paladin: POI 6010009, confirm menu 6010209
INSERT INTO `points_of_interest` (`ID`, `PositionX`, `PositionY`, `Icon`, `Flags`, `Importance`, `Name`) VALUES (6010009, -1446.588, -83.136, 7, 99, 0, 'ThunderBluff Paladin Trainer');
INSERT INTO `npc_text` (`ID`, `text0_0`, `text0_1`, `BroadcastTextID0`, `lang0`, `Probability0`, `em0_0`, `em0_1`, `em0_2`, `em0_3`, `em0_4`, `em0_5`, `text1_0`, `text1_1`, `BroadcastTextID1`, `lang1`, `Probability1`, `em1_0`, `em1_1`, `em1_2`, `em1_3`, `em1_4`, `em1_5`, `text2_0`, `text2_1`, `BroadcastTextID2`, `lang2`, `Probability2`, `em2_0`, `em2_1`, `em2_2`, `em2_3`, `em2_4`, `em2_5`, `text3_0`, `text3_1`, `BroadcastTextID3`, `lang3`, `Probability3`, `em3_0`, `em3_1`, `em3_2`, `em3_3`, `em3_4`, `em3_5`, `text4_0`, `text4_1`, `BroadcastTextID4`, `lang4`, `Probability4`, `em4_0`, `em4_1`, `em4_2`, `em4_3`, `em4_4`, `em4_5`, `text5_0`, `text5_1`, `BroadcastTextID5`, `lang5`, `Probability5`, `em5_0`, `em5_1`, `em5_2`, `em5_3`, `em5_4`, `em5_5`, `text6_0`, `text6_1`, `BroadcastTextID6`, `lang6`, `Probability6`, `em6_0`, `em6_1`, `em6_2`, `em6_3`, `em6_4`, `em6_5`, `text7_0`, `text7_1`, `BroadcastTextID7`, `lang7`, `Probability7`, `em7_0`, `em7_1`, `em7_2`, `em7_3`, `em7_4`, `em7_5`, `VerifiedBuild`) VALUES (6010109, 'You''ll find Noellene, the Paladin trainer, with the other class trainers in Thunder Bluff. I''ve marked the location on your map.', 'You''ll find Noellene, the Paladin trainer, with the other class trainers in Thunder Bluff. I''ve marked the location on your map.', 0, 0, 1, 0, 0, 0, 0, 0, 0, NULL, NULL, 0, 0, 0.0, 0, 0, 0, 0, 0, 0, NULL, NULL, 0, 0, 0.0, 0, 0, 0, 0, 0, 0, NULL, NULL, 0, 0, 0.0, 0, 0, 0, 0, 0, 0, NULL, NULL, 0, 0, 0.0, 0, 0, 0, 0, 0, 0, NULL, NULL, 0, 0, 0.0, 0, 0, 0, 0, 0, 0, NULL, NULL, 0, 0, 0.0, 0, 0, 0, 0, 0, 0, NULL, NULL, 0, 0, 0.0, 0, 0, 0, 0, 0, 0, NULL);
INSERT INTO `gossip_menu` (`MenuID`, `TextID`) VALUES (6010209, 6010109);

-- ThunderBluff Rogue: POI 6010010, confirm menu 6010210
INSERT INTO `points_of_interest` (`ID`, `PositionX`, `PositionY`, `Icon`, `Flags`, `Importance`, `Name`) VALUES (6010010, -1452.488, -100.642, 7, 99, 0, 'ThunderBluff Rogue Trainer');
INSERT INTO `npc_text` (`ID`, `text0_0`, `text0_1`, `BroadcastTextID0`, `lang0`, `Probability0`, `em0_0`, `em0_1`, `em0_2`, `em0_3`, `em0_4`, `em0_5`, `text1_0`, `text1_1`, `BroadcastTextID1`, `lang1`, `Probability1`, `em1_0`, `em1_1`, `em1_2`, `em1_3`, `em1_4`, `em1_5`, `text2_0`, `text2_1`, `BroadcastTextID2`, `lang2`, `Probability2`, `em2_0`, `em2_1`, `em2_2`, `em2_3`, `em2_4`, `em2_5`, `text3_0`, `text3_1`, `BroadcastTextID3`, `lang3`, `Probability3`, `em3_0`, `em3_1`, `em3_2`, `em3_3`, `em3_4`, `em3_5`, `text4_0`, `text4_1`, `BroadcastTextID4`, `lang4`, `Probability4`, `em4_0`, `em4_1`, `em4_2`, `em4_3`, `em4_4`, `em4_5`, `text5_0`, `text5_1`, `BroadcastTextID5`, `lang5`, `Probability5`, `em5_0`, `em5_1`, `em5_2`, `em5_3`, `em5_4`, `em5_5`, `text6_0`, `text6_1`, `BroadcastTextID6`, `lang6`, `Probability6`, `em6_0`, `em6_1`, `em6_2`, `em6_3`, `em6_4`, `em6_5`, `text7_0`, `text7_1`, `BroadcastTextID7`, `lang7`, `Probability7`, `em7_0`, `em7_1`, `em7_2`, `em7_3`, `em7_4`, `em7_5`, `VerifiedBuild`) VALUES (6010110, 'You''ll find Gest, the Rogue trainer, with the other class trainers in Thunder Bluff. I''ve marked the location on your map.', 'You''ll find Gest, the Rogue trainer, with the other class trainers in Thunder Bluff. I''ve marked the location on your map.', 0, 0, 1, 0, 0, 0, 0, 0, 0, NULL, NULL, 0, 0, 0.0, 0, 0, 0, 0, 0, 0, NULL, NULL, 0, 0, 0.0, 0, 0, 0, 0, 0, 0, NULL, NULL, 0, 0, 0.0, 0, 0, 0, 0, 0, 0, NULL, NULL, 0, 0, 0.0, 0, 0, 0, 0, 0, 0, NULL, NULL, 0, 0, 0.0, 0, 0, 0, 0, 0, 0, NULL, NULL, 0, 0, 0.0, 0, 0, 0, 0, 0, 0, NULL, NULL, 0, 0, 0.0, 0, 0, 0, 0, 0, 0, NULL);
INSERT INTO `gossip_menu` (`MenuID`, `TextID`) VALUES (6010210, 6010110);

-- ThunderBluff Warlock: POI 6010011, confirm menu 6010211
INSERT INTO `points_of_interest` (`ID`, `PositionX`, `PositionY`, `Icon`, `Flags`, `Importance`, `Name`) VALUES (6010011, -994.619, 252.278, 7, 99, 0, 'ThunderBluff Warlock Trainer');
INSERT INTO `npc_text` (`ID`, `text0_0`, `text0_1`, `BroadcastTextID0`, `lang0`, `Probability0`, `em0_0`, `em0_1`, `em0_2`, `em0_3`, `em0_4`, `em0_5`, `text1_0`, `text1_1`, `BroadcastTextID1`, `lang1`, `Probability1`, `em1_0`, `em1_1`, `em1_2`, `em1_3`, `em1_4`, `em1_5`, `text2_0`, `text2_1`, `BroadcastTextID2`, `lang2`, `Probability2`, `em2_0`, `em2_1`, `em2_2`, `em2_3`, `em2_4`, `em2_5`, `text3_0`, `text3_1`, `BroadcastTextID3`, `lang3`, `Probability3`, `em3_0`, `em3_1`, `em3_2`, `em3_3`, `em3_4`, `em3_5`, `text4_0`, `text4_1`, `BroadcastTextID4`, `lang4`, `Probability4`, `em4_0`, `em4_1`, `em4_2`, `em4_3`, `em4_4`, `em4_5`, `text5_0`, `text5_1`, `BroadcastTextID5`, `lang5`, `Probability5`, `em5_0`, `em5_1`, `em5_2`, `em5_3`, `em5_4`, `em5_5`, `text6_0`, `text6_1`, `BroadcastTextID6`, `lang6`, `Probability6`, `em6_0`, `em6_1`, `em6_2`, `em6_3`, `em6_4`, `em6_5`, `text7_0`, `text7_1`, `BroadcastTextID7`, `lang7`, `Probability7`, `em7_0`, `em7_1`, `em7_2`, `em7_3`, `em7_4`, `em7_5`, `VerifiedBuild`) VALUES (6010111, 'You''ll find Grol''dar, the Warlock trainer, with the other class trainers in Thunder Bluff. I''ve marked the location on your map.', 'You''ll find Grol''dar, the Warlock trainer, with the other class trainers in Thunder Bluff. I''ve marked the location on your map.', 0, 0, 1, 0, 0, 0, 0, 0, 0, NULL, NULL, 0, 0, 0.0, 0, 0, 0, 0, 0, 0, NULL, NULL, 0, 0, 0.0, 0, 0, 0, 0, 0, 0, NULL, NULL, 0, 0, 0.0, 0, 0, 0, 0, 0, 0, NULL, NULL, 0, 0, 0.0, 0, 0, 0, 0, 0, 0, NULL, NULL, 0, 0, 0.0, 0, 0, 0, 0, 0, 0, NULL, NULL, 0, 0, 0.0, 0, 0, 0, 0, 0, 0, NULL, NULL, 0, 0, 0.0, 0, 0, 0, 0, 0, 0, NULL);
INSERT INTO `gossip_menu` (`MenuID`, `TextID`) VALUES (6010211, 6010111);

-- Silvermoon Warrior: POI 6010012, confirm menu 6010212
INSERT INTO `points_of_interest` (`ID`, `PositionX`, `PositionY`, `Icon`, `Flags`, `Importance`, `Name`) VALUES (6010012, 9852.97, -7517.68, 7, 99, 0, 'Silvermoon Warrior Trainer');
INSERT INTO `npc_text` (`ID`, `text0_0`, `text0_1`, `BroadcastTextID0`, `lang0`, `Probability0`, `em0_0`, `em0_1`, `em0_2`, `em0_3`, `em0_4`, `em0_5`, `text1_0`, `text1_1`, `BroadcastTextID1`, `lang1`, `Probability1`, `em1_0`, `em1_1`, `em1_2`, `em1_3`, `em1_4`, `em1_5`, `text2_0`, `text2_1`, `BroadcastTextID2`, `lang2`, `Probability2`, `em2_0`, `em2_1`, `em2_2`, `em2_3`, `em2_4`, `em2_5`, `text3_0`, `text3_1`, `BroadcastTextID3`, `lang3`, `Probability3`, `em3_0`, `em3_1`, `em3_2`, `em3_3`, `em3_4`, `em3_5`, `text4_0`, `text4_1`, `BroadcastTextID4`, `lang4`, `Probability4`, `em4_0`, `em4_1`, `em4_2`, `em4_3`, `em4_4`, `em4_5`, `text5_0`, `text5_1`, `BroadcastTextID5`, `lang5`, `Probability5`, `em5_0`, `em5_1`, `em5_2`, `em5_3`, `em5_4`, `em5_5`, `text6_0`, `text6_1`, `BroadcastTextID6`, `lang6`, `Probability6`, `em6_0`, `em6_1`, `em6_2`, `em6_3`, `em6_4`, `em6_5`, `text7_0`, `text7_1`, `BroadcastTextID7`, `lang7`, `Probability7`, `em7_0`, `em7_1`, `em7_2`, `em7_3`, `em7_4`, `em7_5`, `VerifiedBuild`) VALUES (6010112, 'You''ll find Torm Ragetotem, the Warrior trainer, with the other class trainers in Silvermoon City. I''ve marked the location on your map.', 'You''ll find Torm Ragetotem, the Warrior trainer, with the other class trainers in Silvermoon City. I''ve marked the location on your map.', 0, 0, 1, 0, 0, 0, 0, 0, 0, NULL, NULL, 0, 0, 0.0, 0, 0, 0, 0, 0, 0, NULL, NULL, 0, 0, 0.0, 0, 0, 0, 0, 0, 0, NULL, NULL, 0, 0, 0.0, 0, 0, 0, 0, 0, 0, NULL, NULL, 0, 0, 0.0, 0, 0, 0, 0, 0, 0, NULL, NULL, 0, 0, 0.0, 0, 0, 0, 0, 0, 0, NULL, NULL, 0, 0, 0.0, 0, 0, 0, 0, 0, 0, NULL, NULL, 0, 0, 0.0, 0, 0, 0, 0, 0, 0, NULL);
INSERT INTO `gossip_menu` (`MenuID`, `TextID`) VALUES (6010212, 6010112);

-- Silvermoon Shaman: POI 6010013, confirm menu 6010213
INSERT INTO `points_of_interest` (`ID`, `PositionX`, `PositionY`, `Icon`, `Flags`, `Importance`, `Name`) VALUES (6010013, 9709.931, -7266.4043, 7, 99, 0, 'Silvermoon Shaman Trainer');
INSERT INTO `npc_text` (`ID`, `text0_0`, `text0_1`, `BroadcastTextID0`, `lang0`, `Probability0`, `em0_0`, `em0_1`, `em0_2`, `em0_3`, `em0_4`, `em0_5`, `text1_0`, `text1_1`, `BroadcastTextID1`, `lang1`, `Probability1`, `em1_0`, `em1_1`, `em1_2`, `em1_3`, `em1_4`, `em1_5`, `text2_0`, `text2_1`, `BroadcastTextID2`, `lang2`, `Probability2`, `em2_0`, `em2_1`, `em2_2`, `em2_3`, `em2_4`, `em2_5`, `text3_0`, `text3_1`, `BroadcastTextID3`, `lang3`, `Probability3`, `em3_0`, `em3_1`, `em3_2`, `em3_3`, `em3_4`, `em3_5`, `text4_0`, `text4_1`, `BroadcastTextID4`, `lang4`, `Probability4`, `em4_0`, `em4_1`, `em4_2`, `em4_3`, `em4_4`, `em4_5`, `text5_0`, `text5_1`, `BroadcastTextID5`, `lang5`, `Probability5`, `em5_0`, `em5_1`, `em5_2`, `em5_3`, `em5_4`, `em5_5`, `text6_0`, `text6_1`, `BroadcastTextID6`, `lang6`, `Probability6`, `em6_0`, `em6_1`, `em6_2`, `em6_3`, `em6_4`, `em6_5`, `text7_0`, `text7_1`, `BroadcastTextID7`, `lang7`, `Probability7`, `em7_0`, `em7_1`, `em7_2`, `em7_3`, `em7_4`, `em7_5`, `VerifiedBuild`) VALUES (6010113, 'You''ll find Siln Skychaser, the Shaman trainer, with the other class trainers in Silvermoon City. I''ve marked the location on your map.', 'You''ll find Siln Skychaser, the Shaman trainer, with the other class trainers in Silvermoon City. I''ve marked the location on your map.', 0, 0, 1, 0, 0, 0, 0, 0, 0, NULL, NULL, 0, 0, 0.0, 0, 0, 0, 0, 0, 0, NULL, NULL, 0, 0, 0.0, 0, 0, 0, 0, 0, 0, NULL, NULL, 0, 0, 0.0, 0, 0, 0, 0, 0, 0, NULL, NULL, 0, 0, 0.0, 0, 0, 0, 0, 0, 0, NULL, NULL, 0, 0, 0.0, 0, 0, 0, 0, 0, 0, NULL, NULL, 0, 0, 0.0, 0, 0, 0, 0, 0, 0, NULL, NULL, 0, 0, 0.0, 0, 0, 0, 0, 0, 0, NULL);
INSERT INTO `gossip_menu` (`MenuID`, `TextID`) VALUES (6010213, 6010113);

-- menu 2144 option 8: Druid
INSERT INTO `gossip_menu_option` (`MenuID`, `OptionID`, `OptionIcon`, `OptionText`, `OptionBroadcastTextID`, `OptionType`, `OptionNpcFlag`, `ActionMenuID`, `ActionPoiID`, `BoxCoded`, `BoxMoney`, `BoxText`, `BoxBroadcastTextID`, `VerifiedBuild`) VALUES (2144, 8, 0, 'Druid', 45409, 1, 1, 6010200, 6010000, 0, 0, '', 0, 0);

-- menu 2343 option 7: Shaman
INSERT INTO `gossip_menu_option` (`MenuID`, `OptionID`, `OptionIcon`, `OptionText`, `OptionBroadcastTextID`, `OptionType`, `OptionNpcFlag`, `ActionMenuID`, `ActionPoiID`, `BoxCoded`, `BoxMoney`, `BoxText`, `BoxBroadcastTextID`, `VerifiedBuild`) VALUES (2343, 7, 0, 'Shaman', 45410, 1, 1, 6010201, 6010001, 0, 0, '', 0, 0);

-- menu 2343 option 8: Warlock
INSERT INTO `gossip_menu_option` (`MenuID`, `OptionID`, `OptionIcon`, `OptionText`, `OptionBroadcastTextID`, `OptionType`, `OptionNpcFlag`, `ActionMenuID`, `ActionPoiID`, `BoxCoded`, `BoxMoney`, `BoxText`, `BoxBroadcastTextID`, `VerifiedBuild`) VALUES (2343, 8, 0, 'Warlock', 45407, 1, 1, 6010202, 6010002, 0, 0, '', 0, 0);

-- menu 7787 option 7: Rogue
INSERT INTO `gossip_menu_option` (`MenuID`, `OptionID`, `OptionIcon`, `OptionText`, `OptionBroadcastTextID`, `OptionType`, `OptionNpcFlag`, `ActionMenuID`, `ActionPoiID`, `BoxCoded`, `BoxMoney`, `BoxText`, `BoxBroadcastTextID`, `VerifiedBuild`) VALUES (7787, 7, 0, 'Rogue', 45406, 1, 1, 6010203, 6010003, 0, 0, '', 0, 0);

-- menu 7787 option 8: Warlock
INSERT INTO `gossip_menu_option` (`MenuID`, `OptionID`, `OptionIcon`, `OptionText`, `OptionBroadcastTextID`, `OptionType`, `OptionNpcFlag`, `ActionMenuID`, `ActionPoiID`, `BoxCoded`, `BoxMoney`, `BoxText`, `BoxBroadcastTextID`, `VerifiedBuild`) VALUES (7787, 8, 0, 'Warlock', 45407, 1, 1, 6010204, 6010004, 0, 0, '', 0, 0);

-- menu 1949 option 8: Druid
INSERT INTO `gossip_menu_option` (`MenuID`, `OptionID`, `OptionIcon`, `OptionText`, `OptionBroadcastTextID`, `OptionType`, `OptionNpcFlag`, `ActionMenuID`, `ActionPoiID`, `BoxCoded`, `BoxMoney`, `BoxText`, `BoxBroadcastTextID`, `VerifiedBuild`) VALUES (1949, 8, 0, 'Druid', 45409, 1, 1, 6010205, 6010005, 0, 0, '', 0, 0);

-- menu 2848 option 6: Hunter
INSERT INTO `gossip_menu_option` (`MenuID`, `OptionID`, `OptionIcon`, `OptionText`, `OptionBroadcastTextID`, `OptionType`, `OptionNpcFlag`, `ActionMenuID`, `ActionPoiID`, `BoxCoded`, `BoxMoney`, `BoxText`, `BoxBroadcastTextID`, `VerifiedBuild`) VALUES (2848, 6, 0, 'Hunter', 50546, 1, 1, 6010206, 6010006, 0, 0, '', 0, 0);

-- menu 10768 option 6: Hunter
INSERT INTO `gossip_menu_option` (`MenuID`, `OptionID`, `OptionIcon`, `OptionText`, `OptionBroadcastTextID`, `OptionType`, `OptionNpcFlag`, `ActionMenuID`, `ActionPoiID`, `BoxCoded`, `BoxMoney`, `BoxText`, `BoxBroadcastTextID`, `VerifiedBuild`) VALUES (10768, 6, 0, 'Hunter', 50546, 1, 1, 6010206, 6010006, 0, 0, '', 0, 0);

-- menu 2848 option 7: Shaman
INSERT INTO `gossip_menu_option` (`MenuID`, `OptionID`, `OptionIcon`, `OptionText`, `OptionBroadcastTextID`, `OptionType`, `OptionNpcFlag`, `ActionMenuID`, `ActionPoiID`, `BoxCoded`, `BoxMoney`, `BoxText`, `BoxBroadcastTextID`, `VerifiedBuild`) VALUES (2848, 7, 0, 'Shaman', 45410, 1, 1, 6010207, 6010007, 0, 0, '', 0, 0);

-- menu 10768 option 7: Shaman
INSERT INTO `gossip_menu_option` (`MenuID`, `OptionID`, `OptionIcon`, `OptionText`, `OptionBroadcastTextID`, `OptionType`, `OptionNpcFlag`, `ActionMenuID`, `ActionPoiID`, `BoxCoded`, `BoxMoney`, `BoxText`, `BoxBroadcastTextID`, `VerifiedBuild`) VALUES (10768, 7, 0, 'Shaman', 45410, 1, 1, 6010207, 6010007, 0, 0, '', 0, 0);

-- menu 2848 option 8: Druid
INSERT INTO `gossip_menu_option` (`MenuID`, `OptionID`, `OptionIcon`, `OptionText`, `OptionBroadcastTextID`, `OptionType`, `OptionNpcFlag`, `ActionMenuID`, `ActionPoiID`, `BoxCoded`, `BoxMoney`, `BoxText`, `BoxBroadcastTextID`, `VerifiedBuild`) VALUES (2848, 8, 0, 'Druid', 45409, 1, 1, 6010208, 6010008, 0, 0, '', 0, 0);

-- menu 10768 option 8: Druid
INSERT INTO `gossip_menu_option` (`MenuID`, `OptionID`, `OptionIcon`, `OptionText`, `OptionBroadcastTextID`, `OptionType`, `OptionNpcFlag`, `ActionMenuID`, `ActionPoiID`, `BoxCoded`, `BoxMoney`, `BoxText`, `BoxBroadcastTextID`, `VerifiedBuild`) VALUES (10768, 8, 0, 'Druid', 45409, 1, 1, 6010208, 6010008, 0, 0, '', 0, 0);

-- menu 740 option 6: Paladin
INSERT INTO `gossip_menu_option` (`MenuID`, `OptionID`, `OptionIcon`, `OptionText`, `OptionBroadcastTextID`, `OptionType`, `OptionNpcFlag`, `ActionMenuID`, `ActionPoiID`, `BoxCoded`, `BoxMoney`, `BoxText`, `BoxBroadcastTextID`, `VerifiedBuild`) VALUES (740, 6, 0, 'Paladin', 48028, 1, 1, 6010209, 6010009, 0, 0, '', 0, 0);

-- menu 740 option 7: Rogue
INSERT INTO `gossip_menu_option` (`MenuID`, `OptionID`, `OptionIcon`, `OptionText`, `OptionBroadcastTextID`, `OptionType`, `OptionNpcFlag`, `ActionMenuID`, `ActionPoiID`, `BoxCoded`, `BoxMoney`, `BoxText`, `BoxBroadcastTextID`, `VerifiedBuild`) VALUES (740, 7, 0, 'Rogue', 45406, 1, 1, 6010210, 6010010, 0, 0, '', 0, 0);

-- menu 740 option 8: Warlock
INSERT INTO `gossip_menu_option` (`MenuID`, `OptionID`, `OptionIcon`, `OptionText`, `OptionBroadcastTextID`, `OptionType`, `OptionNpcFlag`, `ActionMenuID`, `ActionPoiID`, `BoxCoded`, `BoxMoney`, `BoxText`, `BoxBroadcastTextID`, `VerifiedBuild`) VALUES (740, 8, 0, 'Warlock', 45407, 1, 1, 6010211, 6010011, 0, 0, '', 0, 0);

-- menu 7649 option 7: Warrior
INSERT INTO `gossip_menu_option` (`MenuID`, `OptionID`, `OptionIcon`, `OptionText`, `OptionBroadcastTextID`, `OptionType`, `OptionNpcFlag`, `ActionMenuID`, `ActionPoiID`, `BoxCoded`, `BoxMoney`, `BoxText`, `BoxBroadcastTextID`, `VerifiedBuild`) VALUES (7649, 7, 0, 'Warrior', 45408, 1, 1, 6010212, 6010012, 0, 0, '', 0, 0);

-- menu 7649 option 8: Shaman
INSERT INTO `gossip_menu_option` (`MenuID`, `OptionID`, `OptionIcon`, `OptionText`, `OptionBroadcastTextID`, `OptionType`, `OptionNpcFlag`, `ActionMenuID`, `ActionPoiID`, `BoxCoded`, `BoxMoney`, `BoxText`, `BoxBroadcastTextID`, `VerifiedBuild`) VALUES (7649, 8, 0, 'Shaman', 45410, 1, 1, 6010213, 6010013, 0, 0, '', 0, 0);
